id,title,score,num_comments,author,created_utc,url,over_18,edited,spoiler,stickied
1gztpvp,Hadoop VS Spark ,26,36,monitor_obsession,2024-11-25 20:59:22,https://www.reddit.com/r/dataengineering/comments/1gztpvp/hadoop_vs_spark/,False,False,False,False
1gzqd4t,Shopping for a new BI Tool... let me know your thoughts,27,75,Apprehensive-Ad-80,2024-11-25 18:44:45,https://www.reddit.com/r/dataengineering/comments/1gzqd4t/shopping_for_a_new_bi_tool_let_me_know_your/,False,False,False,False
1gzrncy,Most Anticipated Data Lakehouse Features,21,18,AMDataLake,2024-11-25 19:36:38,https://www.reddit.com/r/dataengineering/comments/1gzrncy/most_anticipated_data_lakehouse_features/,False,False,False,False
1h072al,Feeling Stuck in My Data Career: Should I Choose Data Engineering or Data Analysis?,19,12,Piyush0034,2024-11-26 08:20:01,https://www.reddit.com/r/dataengineering/comments/1h072al/feeling_stuck_in_my_data_career_should_i_choose/,False,False,False,False
1gzq0qe,Best data replication tool (fivetran/stitch/dataddo/meltano/airbyte/etc.) 2024-2025,16,17,hauntingwarn,2024-11-25 18:31:08,https://www.reddit.com/r/dataengineering/comments/1gzq0qe/best_data_replication_tool/,False,False,False,False
1gzt8j4,Feeling lost - UK job market,16,16,w3127,2024-11-25 20:40:11,https://www.reddit.com/r/dataengineering/comments/1gzt8j4/feeling_lost_uk_job_market/,False,False,False,False
1gzl1cf,Dagster vs Databricks orchestration,13,4,Admirable_Pay_9738,2024-11-25 15:12:14,https://www.reddit.com/r/dataengineering/comments/1gzl1cf/dagster_vs_databricks_orchestration/,False,False,False,False
1h08ivu,Feeling stuck in ML / Data Engineering. Want to switch (back) to systems / infra / backend,16,11,Snoo_50705,2024-11-26 10:09:27,https://www.reddit.com/r/dataengineering/comments/1h08ivu/feeling_stuck_in_ml_data_engineering_want_to/,False,False,False,False
1gzwr87,What stops organization deploying Data Analytics initiatives,5,15,davidsanchezplaza,2024-11-25 23:02:49,https://www.reddit.com/r/dataengineering/comments/1gzwr87/what_stops_organization_deploying_data_analytics/,False,False,False,False
1gzuxkt,"Best course to learn the data ingestion side, scaling, clusters etc ",5,2,rockingpj,2024-11-25 21:47:18,https://www.reddit.com/r/dataengineering/comments/1gzuxkt/best_course_to_learn_the_data_ingestion_side/,False,False,False,False
1gzpt54,Certification Selection Mistake Or Justified?,5,0,ntlekisa,2024-11-25 18:22:46,https://www.reddit.com/r/dataengineering/comments/1gzpt54/certification_selection_mistake_or_justified/,False,False,False,False
1h07v8s,"Considering moving away from BigQuery, maybe to Spark. Should I?",8,27,thomastc,2024-11-26 09:20:39,https://www.reddit.com/r/dataengineering/comments/1h07v8s/considering_moving_away_from_bigquery_maybe_to/,False,False,False,False
1gzutt6,How to look for a job in the current state of DE job market as a DE with 3 y/ exp?,6,7,lightpassion,2024-11-25 21:43:06,https://www.reddit.com/r/dataengineering/comments/1gzutt6/how_to_look_for_a_job_in_the_current_state_of_de/,False,False,False,False
1gzptxd,Is anyone using Snowflake's API integration to ingest data?,4,1,what_duck,2024-11-25 18:23:40,https://www.reddit.com/r/dataengineering/comments/1gzptxd/is_anyone_using_snowflakes_api_integration_to/,False,False,False,False
1gzkqb4,Data Marts best Practices,4,0,Dry-Response-1862,2024-11-25 14:58:54,https://www.reddit.com/r/dataengineering/comments/1gzkqb4/data_marts_best_practices/,False,False,False,False
1h0956s,$160 OFF Coursera Plus Annual Subscription with Black Friday,3,0,ampankajsharma,2024-11-26 10:53:21,https://www.tryblackfriday.com/2019/11/coursera-black-friday-deal-10-off-on.html,False,False,False,False
1h06omf,Project work + BAU support,2,4,harnishan,2024-11-26 07:52:46,https://www.reddit.com/r/dataengineering/comments/1h06omf/project_work_bau_support/,False,False,False,False
1h06klx,A structured corpus as a parquet file,2,1,sky__s,2024-11-26 07:45:04,https://www.reddit.com/r/dataengineering/comments/1h06klx/a_structured_corpus_as_a_parquet_file/,False,False,False,False
1gzqyoa,Native Postgres integration for ClickHouse Cloud is in private preview,2,0,saipeerdb,2024-11-25 19:09:01,https://clickhouse.com/blog/postgres-cdc-connector-clickpipes-private-preview,False,False,False,False
1gzjqlf,New Video! How to run PySpark with Apache Airflow ðŸ¥³,1,0,marclamberti,2024-11-25 14:13:49,https://youtu.be/L3VuPnBQBCM,False,False,False,False
1h08v2q,Looking for a large dataset to stress test my pipeline.,1,3,qasim_mansoor,2024-11-26 10:33:44,https://www.reddit.com/r/dataengineering/comments/1h08v2q/looking_for_a_large_dataset_to_stress_test_my/,False,False,False,False
1h04k13,Data input method for environmental surveys,1,1,Prior_Football8830,2024-11-26 05:30:52,https://www.reddit.com/r/dataengineering/comments/1h04k13/data_input_method_for_environmental_surveys/,False,False,False,False
1h02kbp,Best security/scaling practices when creating AWS IAM user/role for a service account ,1,5,they_paid_for_it,2024-11-26 03:40:19,https://www.reddit.com/r/dataengineering/comments/1h02kbp/best_securityscaling_practices_when_creating_aws/,False,False,False,False
1h029ey,Essential/Recommended Recorded Talks on Airflow for beginners,1,1,data4dayz,2024-11-26 03:24:21,https://www.reddit.com/r/dataengineering/comments/1h029ey/essentialrecommended_recorded_talks_on_airflow/,False,False,False,False
1gzmmxj,Multi Region Replication: Conflicts and Ordering Issues,1,1,goyalaman_,2024-11-25 16:19:05,https://www.reddit.com/r/dataengineering/comments/1gzmmxj/multi_region_replication_conflicts_and_ordering/,False,False,False,False
1gzuw9c,Career Choice: Traditional Company vs. Big Consulting Firm,0,8,human_disaster_92,2024-11-25 21:45:52,https://www.reddit.com/r/dataengineering/comments/1gzuw9c/career_choice_traditional_company_vs_big/,False,False,False,False
1gzlaeo,Sharing new free to use spreadsheets product to connect any live data to spreadsheets,0,1,CDataBilly,2024-11-25 15:22:56,https://www.reddit.com/r/dataengineering/comments/1gzlaeo/sharing_new_free_to_use_spreadsheets_product_to/,False,False,False,False
